English			
Region format example			
UK/US			
1234567890			
SYSTEM			
MODEL			
TELEMETRY			
MODEL SELECT			
MODEL CREATE			
MODEL EDIT			
TIME			
DISPLAY			
SOUND			
MUSIC			
BATTERY			
STK CAL			
STK DIR			
IMU CAL			
LANGUAGE			
INFORMATION			
TIMER1 SETUP			
TIMER2 SETUP			
RF SYSTEM			
MONITOR			
REVERSE			
SPEED			
END POINT			
SUB TRIM			
TRIM SETUP		 	
FAIL SAFE			
LOGIC SWITCH			
CURVE LIB			
SPEC FUN			
TELE SETUP			
GENERAL			
SW WARNING			
TRAINER			
INPUT MAP			
OUTPUT MAP			
RATES/EXPO			
THR CUT			
THR HOLD			
PIT CURVE			
THR CURVE			
AIL DIFF			
FLAP SET			
AIL->CMBFLP			
AIL->BRKFLP			
BRK->CMB			
AIL->RUD			
RUD->AIL			
RUD->ELE			
CAMBER MIX		 	
ELE->CAMBER			
CMBFLP->ELE			
AIRBRAKE			
SNAP ROLL			
AILEVATOR			
EXTRA MIXER			
EX MIXER EDIT			
V-TAIL			
RUD SET			
FLIGHT MODE			
THR MIX			
SWASH			
PIT->RUD			
GYRO			
MOTOR CURVE			
BUTTERFLY			
TRIM MIX			
MOTOR			
MODE			
MODE1			
MODE2			
MODE3			
MODE4			
MODE5			
MIXER			
MIXER EDIT			
SD_ERROR			
Sd card error will cause the file missing \n PRESS                 TO SKIP			
THROTTLE WARNING			
PRESS                 TO SKIP			
THROTTLE NOT IDLE \n PRESS                 TO SKIP			
RESET TIMER1			
RESET TIMER2			
RESET CONS			
RESET ALL ABOVE			
A-N			
A-F			
A-V			
H-1			
H-4			
HE3			
H-3			
HR3			
H-4X			
G-N			
G-V			
MUL			
CUS			
WARNING			
Sd card lost !			
"Low battery, Confirm power off ?"
"Low battery may lead to wrong operation, please shut down as soon as possible !"
Confirm power off ?
F.MODE			
MOTOR			
CH THR			
CUT			
HOLD			
GPS			
RADIO			
LON			
LAT			
DIS			
CREATE			
SELECT			
CANCEL			
"no model file , select to create or shutdown"
"model file error, select to create or select other"
Transmitter Battery Voltage			
Low Voltage Alarm Setting			
Display Voltage Range			
Reset All To Defaults			
BRIGHTNESS		 	
SLEEP		 	
WAKEUP		 	
NO POT			
POT			
KEY & STICK			
KEY			
STICK			
Set the comfortable reference plane within the angle?\n of 0~10 degrees when you hold it.\n  ENTER WHEN DONE			
"VALUE SAVED, ENTER TO ESC"
Hardware			
Software			
VOICE			
IMAGE			
LOAD			
File already exists !			
The model name is invalid !			
config file is not exist !			
MODIFY			
COPY			
The current is selected!			
Are you sure to change the current model ?
The name length will be longer than can be set!			
Are you sure to copy this model file ?
"This is the current selection model, cannot be deleted !"			
Are you sur to delete this model file ?			
READ ERROR !			
Model Validation Error !			
The version of the model is not consistent !			
"No selected files, select again."			
AIRPLANE			
HELICOPTER			
GLIDER			
MULTICOPTER			
CUSTOM			
Airplane_Normal			
Airplane_FlyingWing			
Airplane_V-Tail			
Helicopter_H-1			
Helicopter_H-4			
Helicopter_HE3			
Helicopter_H-3			
Helicopter_HR3			
Helicopter_H-4X			
Glider_Normal			
Glider_V-Tail			
Multicopter			
VOLUME			
QUIET			
ALARM			
TRIM			
HAPTIC			
"SET POTS TO MIDDLE, ENTER TO START"
"MOVE ALL POTS TO FULL RANGE,ENTER WHEN DONE"
VALUES SAVED
CALIBRATION DONE			
H/W			
DATE			
FORMAT			
M-D-Y			
D-M-Y			
Y-M-D			
START			
MEMORY			
MUTE			
BEEP			
SPEECH			
ABS			
THs			
TH%			
THt			
NO			
YES			
USB IS CONNECTED			
AIL			
AIL2			
AIL3			
AIL4			
ELE			
ELE2			
RUD			
RUD2			
FLP			
FLP2			
FLP3			
FLP4			
CAMB			
ELE(AIL)			
ELE(AIL2)			
ELE(AIL3)			
ELE(AIL4)			
ELE2(RUD)			
ELE(RUD2)			
ELE(FLP)			
ELE(FLP2)			
ELE(FLP3)			
ELE(FLP4)			
ELEVATOR			
AILERON			
RUDDER			
LEFT			
RIGHT			
UP			
DOWN			
WEIGHT			
OFFSET			
ACT			
INH			
SW			
SWITCH			
SF SW			
R/U			
R/D			
L/U			
L/D			
EXP			
LINE			
SMOOTH			
POINT1			
POINT2			
POINT3			
POINT4			
POINT5			
POINT6			
POINT7			
D/R 1			
D/R 2			
D/R 3			
D/R 4			
D/R 5			
PIT_C1			
PIT_C2			
PIT_C3			
PIT_C4			
PIT_C5			
THR_C1			
THR_C2			
THR_C3			
THR_C4			
THR_C5			
POS			
TRI POS			
NO TRI			
SF POS			
CONTROL			
FUNCTION			
NAME			
SLOW			
F.MODE1			
F.MODE2			
F.MODE3			
F.MODE4			
F.MODE5			
F.MODE6			
F.MODE7			
F.MODE8			
LSW			
TO			
MET			
SRC			
L_W			
R_W			
OFFS			
CURV			
EDIT			
INSERT			
DELETE			
ENABLE			
DISABLE			
METHOD			
ON			
OFF			
CURVE			
NEXT >			
< BACK			
SAVE			
OK			
LAUNCH			
SPEED			
CRUISE			
THERMAL			
LANDING			
CMBFLP			
BRKFLP			
BFLY			
START SW			
NORMAL			
NORM			
IDLE			
IDLE1			
IDLE2			
IDLE3			
HOLD			
GYRO 1			
GYRO 2			
GYRO 3			
RATE			
PITCH			
AIL->THR			
ELE->THR			
RUD->THR			
RATE 1			
RATE 2			
FILE NAME			
IMPORT			
EXPORT			
Failed to import !			
Failed to export !			
The name cannot be empty			
The selected cannot be empty			
TRAVEL			
LIMIT			
RESET			
FUNC			
MIXER TO			
Hold		 	
Custom			
No Pulse			
Skip Startup Sound			
Skip Splash Screens			
Skip Shutdown Confirmation			
Skip LowBattery Warning			
Skip Thr Warning			
Skip Sw Warning			
Skip close RF system warning			
CHANNEL			
LOGIC SW			
CONST POT			
CONST VAL			
POT			
OP.			
SRC TYPE			
SRC1			
SRC2			
INTERNAL RF			
EXTERNAL RF			
STATE			
ANTENNA			
RX NO			
CH RANGE			
BIND			
RANGE			
INSIDE			
OUTSIDE			
D16			
D8			
LR12			
PPM +			
PPM -			
RSSI			
"RF Module is on, parameter modification needs to be cautious !"
Turn off internal RF ?			
NEUTRAL			
MOVING			
Please disconnect the throttle channel before entering the test mode in case of accident.			
REV			
EN			
Reset this special function ?			
Play track			
Play value			
Haptic			
Inst. Trim			
Clear Cons			
Tele Log			
Next song			
Prev song			
Play/Pause			
PrintScreen			
LONG PRESS                 TO SAVE			
ENTER			
SAFE			
CUR			
THR			
TYPE			
PERCENT			
SOURCE			
CABLE			
WIRELESS			
MASTER			
SLAVE			
ADD			
REPLACE			
S_CH1			
S_CH2			
S_CH3			
S_CH4			
S_CH5			
S_CH6			
S_CH7			
S_CH8			
T1			
T2			
T3			
T4			
T5			
T6			
STEP			
COMB			
SEPR			
WL TRAINER			
MAC			
Paired Radios			
Available Radios			
DETECT			
CLEAR			
CONNECT			
CONNECTED			
DISCONNECT			
DISCONNECTED			
OUTPUT			
LANGUAGE CSV ERROR			
VPP			
GEAR			
PIT			
once			
Settings			
UNITS			
RATIO			
BLADE			
MinAlarm			
MaxAlarm			
Screen Position			
Log			
Repeat			
FLYING WING			
All slots have been used!			
No.			
MULTI_LINE			
MULTI_SMOOTH			
POINT			
FAILSAFE set on the radio only take effect in D16 mode.			
CONST			
WITHOUT TELE			
WITH TELE			
SWITCH WARNING			
MODE			
UP			
DOWN			
ReadTimer			
Timer1			
Timer2			
ReadBattery			
ReadVario
UPDATE
SPORT UPDATE
SUCCESS
FAIL
File type error !
Turn off external RF ?
STATUS
Y-M-D
M-D-Y
D-M-Y
Custom