English			,NUMBER
Region format example			,1
UK/US			,2
1234567890			,3
SYSTEM			,4
MODEL			,5
TELEMETRY			,6
MODEL SELECT			,7
MODEL CREATE			,8
MODEL EDIT			,9
TIME			,10
DISPLAY			,11
SOUND			,12
MUSIC			,13
BATTERY			,14
STK CAL			,15
STK DIR			,16
IMU CAL			,17
LANGUAGE			,18
INFORMATION			,19
TIMER1 SETUP			,20
TIMER2 SETUP			,21
RF SYSTEM			,22
MONITOR			,23
REVERSE			,24
SPEED			,25
END POINT			,26
SUB TRIM			,27
TRIM SETUP		 	,28
FAIL SAFE			,29
LOGIC SWITCH			,30
CURVE LIB			,31
SPEC FUN			,32
TELE SETUP			,33
GENERAL			,34
SW WARNING			,35
TRAINER			,36
INPUT MAP			,37
OUTPUT MAP			,38
RATES/EXPO			,39
THR CUT			,40
THR HOLD			,41
PIT CURVE			,42
THR CURVE			,43
AIL DIFF			,44
FLAP SET			,45
AIL->CMBFLP			,46
AIL->BRKFLP			,47
BRK->CMB			,48
AIL->RUD			,49
RUD->AIL			,50
RUD->ELE			,51
CAMBER MIX		 	,52
ELE->CAMBER			,53
CMBFLP->ELE			,54
AIRBRAKE			,55
SNAP ROLL			,56
AILEVATOR			,57
EXTRA MIXER			,58
EX MIXER EDIT			,59
V-TAIL			,60
RUD SET			,61
FLIGHT MODE			,62
THR MIX			,63
SWASH			,64
PIT->RUD			,65
GYRO			,66
MOTOR CURVE			,67
BUTTERFLY			,68
TRIM MIX			,69
MOTOR			,70
MODE			,71
MODE1			,72
MODE2			,73
MODE3			,74
MODE4			,75
MODE5			,76
MIXER			,77
MIXER EDIT			,78
SD_ERROR			,79
Sd card error will cause the file missing \n PRESS                 TO SKIP,80
THROTTLE WARNING,81
PRESS                 TO SKIP,82
THROTTLE NOT IDLE \n PRESS                 TO SKIP,83
RESET TIMER1,84
RESET TIMER2			,85
RESET CONS			,86
RESET ALL ABOVE			,87
A-N			,88
A-F			,89
A-V			,90
H-1			,91
H-4			,92
HE3			,93
H-3			,94
HR3			,95
H-4X			,96
G-N			,97
G-V			,98
MUL			,99
CUS			,100
WARNING			,101
Sd card lost !,102
Low battery,103
Low battery may lead to wrong operation,104
Confirm power off ?,105
F.MODE			,106
MOTOR			,107
CH THR			,108
CUT			,109
HOLD			,110
GPS			,111
RADIO			,112
LON			,113
LAT			,114
DIS			,115
CREATE			,116
SELECT			,117
CANCEL			,118
"no model file , select to create or shutdown",119
"model file error, select to create or select other",120
Transmitter Battery Voltage			,121
Low Voltage Alarm Setting			,122
Display Voltage Range			,123
Reset All To Defaults			,124
BRIGHTNESS		 	,125
SLEEP		 	,126
WAKEUP		 	,127
NO POT			,128
POT			,129
KEY & STICK			,130
KEY			,131
STICK			,132
Set the comfortable reference plane within the angle?\n of 0~10 degrees when you hold it.\n  ENTER WHEN DONE,133
"VALUE SAVED, ENTER TO ESC",134
Hardware			,135
Software			,136
VOICE			,137
IMAGE			,138
LOAD			,139
File already exists !			,140
The model name is invalid !			,141
config file is not exist !			,142
MODIFY			,143
COPY			,144
The current is selected!			,145
Are you sure to change the current model ?,146
The name length will be longer than can be set!			,147
Are you sure to copy this model file ?,148
"This is the current selection model, cannot be deleted !",149
Are you sur to delete this model file ?			,150
READ ERROR !			,151
Model Validation Error !			,152
The version of the model is not consistent !			,153
"No selected files, select again.",154
AIRPLANE			,155
HELICOPTER			,156
GLIDER			,157
MULTICOPTER			,158
CUSTOM			,159
Airplane_Normal			,160
Airplane_FlyingWing			,161
Airplane_V-Tail			,162
Helicopter_H-1			,163
Helicopter_H-4			,164
Helicopter_HE3			,165
Helicopter_H-3			,166
Helicopter_HR3			,167
Helicopter_H-4X			,168
Glider_Normal			,169
Glider_V-Tail			,170
Multicopter			,171
VOLUME			,172
QUIET			,173
ALARM			,174
TRIM			,175
HAPTIC			,176
"SET POTS TO MIDDLE, ENTER TO START",177
"MOVE ALL POTS TO FULL RANGE,ENTER WHEN DONE",178
VALUES SAVED,179
CALIBRATION DONE			,180
H/W			,181
DATE			,182
FORMAT			,183
M-D-Y			,184
D-M-Y			,185
Y-M-D			,186
START			,187
MEMORY			,188
MUTE			,189
BEEP			,190
SPEECH			,191
ABS			,192
THs			,193
TH%			,194
THt			,195
NO			,196
YES			,197
USB IS CONNECTED			,198
AIL			,199
AIL2			,200
AIL3			,201
AIL4			,202
ELE			,203
ELE2			,204
RUD			,205
RUD2			,206
FLP			,207
FLP2			,208
FLP3			,209
FLP4			,210
CAMB			,211
ELE(AIL)			,212
ELE(AIL2)			,213
ELE(AIL3)			,214
ELE(AIL4)			,215
ELE2(RUD)			,216
ELE(RUD2)			,217
ELE(FLP)			,218
ELE(FLP2)			,219
ELE(FLP3)			,220
ELE(FLP4)			,221
ELEVATOR			,222
AILERON			,223
RUDDER			,224
LEFT			,225
RIGHT			,226
UP			,227
DOWN			,228
WEIGHT			,229
OFFSET			,230
ACT			,231
INH			,232
SW			,233
SWITCH			,234
SF SW			,235
R/U			,236
R/D			,237
L/U			,238
L/D			,239
EXP			,240
LINE			,241
SMOOTH			,242
POINT1			,243
POINT2			,244
POINT3			,245
POINT4			,246
POINT5			,247
POINT6			,248
POINT7			,249
D/R 1			,250
D/R 2			,251
D/R 3			,252
D/R 4			,253
D/R 5			,254
PIT_C1			,255
PIT_C2			,256
PIT_C3			,257
PIT_C4			,258
PIT_C5			,259
THR_C1			,260
THR_C2			,261
THR_C3			,262
THR_C4			,263
THR_C5			,264
POS			,265
TRI POS			,266
NO TRI			,267
SF POS			,268
CONTROL			,269
FUNCTION			,270
NAME			,271
SLOW			,272
F.MODE1			,273
F.MODE2			,274
F.MODE3			,275
F.MODE4			,276
F.MODE5			,277
F.MODE6			,278
F.MODE7			,279
F.MODE8			,280
LSW			,281
TO			,282
MET			,283
SRC			,284
L_W			,285
R_W			,286
OFFS			,287
CURV			,288
EDIT			,289
INSERT			,290
DELETE			,291
ENABLE			,292
DISABLE			,293
METHOD			,294
ON			,295
OFF			,296
CURVE			,297
NEXT >			,298
< BACK			,299
SAVE			,300
OK			,301
LAUNCH			,302
SPEED			,303
CRUISE			,304
THERMAL			,305
LANDING			,306
CMBFLP			,307
BRKFLP			,308
BFLY			,309
START SW			,310
NORMAL			,311
NORM			,312
IDLE			,313
IDLE1			,314
IDLE2			,315
IDLE3			,316
HOLD			,317
GYRO 1			,318
GYRO 2			,319
GYRO 3			,320
RATE			,321
PITCH			,322
AIL->THR			,323
ELE->THR			,324
RUD->THR			,325
RATE 1			,326
RATE 2			,327
FILE NAME			,328
IMPORT			,329
EXPORT			,330
Failed to import !			,331
Failed to export !			,332
The name cannot be empty.,333
The selected cannot be empty.,334
TRAVEL			,335
LIMIT			,336
RESET			,337
FUNC			,338
MIXER TO			,339
Hold		 	,340
Custom			,341
No Pulse			,342
Skip Startup Sound			,343
Skip Splash Screens			,344
Skip Shutdown Confirmation			,345
Skip LowBattery Warning			,346
Skip Thr Warning			,347
Skip Sw Warning			,348
Skip close RF system warning			,349
CHANNEL			,350
LOGIC SW			,351
CONST POT			,352
CONST VAL			,353
POT			,354
OP.			,355
SRC TYPE			,356
SRC1			,357
SRC2			,358
INTERNAL RF			,359
EXTERNAL RF			,360
STATE			,361
ANTENNA			,362
RX NO			,363
CH RANGE			,364
BIND			,365
RANGE			,366
INSIDE			,367
OUTSIDE			,368
D16			,369
D8			,370
LR12			,371
PPM +			,372
PPM -			,373
RSSI			,374
"RF Module is on, parameter modification needs to be cautious !",375
Turn off internal RF ?			,376
NEUTRAL			,377
MOVING			,378
Please disconnect the throttle channel before entering the test mode in case of accident.			,379
REV			,380
EN			,381
Reset this special function ?			,382
Play track			,383
Play value			,384
Haptic			,385
Inst. Trim			,386
Clear Cons			,387
Tele Log			,388
Next song			,389
Prev song			,390
Play/Pause			,391
PrintScreen			,392
LONG PRESS                 TO SAVE			,393
ENTER			,394
SAFE			,395
CUR			,396
THR			,397
TYPE			,398
PERCENT			,399
SOURCE			,400
CABLE			,401
WIRELESS			,402
MASTER			,403
SLAVE			,404
ADD			,405
REPLACE			,406
S_CH1			,407
S_CH2			,408
S_CH3			,409
S_CH4			,410
S_CH5			,411
S_CH6			,412
S_CH7			,413
S_CH8			,414
T1			,415
T2			,416
T3			,417
T4			,418
T5			,419
T6			,420
STEP			,421
COMB			,422
SEPR			,423
WL TRAINER			,424
MAC			,425
Paired Radios			,426
Available Radios			,427
DETECT			,428
CLEAR			,429
CONNECT			,430
CONNECTED			,431
DISCONNECT			,432
DISCONNECTED			,433
OUTPUT			,434
LANGUAGE CSV ERROR			,435
VPP			,436
GEAR			,437
PIT			,438
once			,439
Settings			,440
UNITS			,441
RATIO			,442
BLADE			,443
MinAlarm			,444
MaxAlarm			,445
Screen Position			,446
Log			,447
Repeat			,448
FLYING WING			,449
All slots have been used!			,450
No.			,451
MULTI_LINE			,452
MULTI_SMOOTH			,453
POINT			,454
FAILSAFE set on the radio only take effect in D16 mode.			,455
CONST			,456
WITHOUT TELE			,457
WITH TELE			,458
SWITCH WARNING			,459
MODE			,460
UP			,461
DOWN			,462
ReadTimer			,463
Timer1			,464
Timer2			,465
ReadBattery			,466
ReadVario,467
UPDATE,468
SPORT UPDATE,469
SUCCESS,470
FAIL,471
File type error !,472
Turn off external RF ?,473
STATUS,474
Y-M-D,475
M-D-Y,476
D-M-Y,477
Custom,478
S6R SETUP,479
TELE CAL,480
Center Trim,481
TIMER,482
Wing type,483
Mounting type,484
S6R function,485
Quick Mode,486
AUX1 select,487
AUX2 select,488
AIL direction,489
ELE direction,490
RUD direction,491
AIL2 direction,492
ELE2 direction,493
AIL stabilize gain,494
ELE stabilize gai,495
RUD stabilize gain,496
AIL auto level gain,497
ELE auto level gain,498
ELE upright gain,499
RUD upright gain,500
AIL crab gain,501
RUD crab gain,502
AIL auto angle offset,503
ELE auto angle offset,504
ELE upright angle offset,505
RUD upright angle offset,506
AIL crab angle offset,507
RUD crab angle offset,508
TURN THE S6R UP,509
TURN THE S6R DOWN,510
TURN THE S6R LEFT,511
TURN THE S6R RIGHT,512
TURN THE S6R FORWARD,513
TURN THE S6R BACK,514
WHEN READY,515
VALUE,516
MIN,517
MAX,518
SKIP,519
D/R,520
PIT_C,521
THR_C,522
MODE,523
Do you what to change WL Trainer to WL Telemetry ?,524
WL transmission,525
ROLE,526
PhysID,527
GimbalMode,528
ADC,529
PWM,530
DELAY,531
DURATION,532
DelayUp,533
DelayDn,534
SpeedUp,535
SpeedDn,536
withTele,537
noTele,538
MOTORs,539
MOTOR%,540
MOTORt,541
